[{"url": "https://github.com/celogeek/OctoPrint-ProgressBasedOnTime", "name": "ProgressBasedOntime Plugin", "key": "ProgressBasedOnTime"}, {"url": "https://github.com/MoonshineSG/OctoPrint-TitleStatus", "name": "Title Status", "key": "title_status"}, {"url": "https://github.com/fabianonline/OctoPrint-Telegram", "name": "Telegram Notifications", "key": "telegram"}, {"url": "https://github.com/AmedeeBulle/StatusLine", "name": "Status Line", "key": "status_line"}, {"url": "https://github.com/tjjfvi/OctoPrint-SlicerSettingsTab", "name": "SlicerSettingsTab", "key": "SlicerSettingsTab"}, {"url": "https://github.com/jneilliii/OctoPrint-SideBarTempGraph", "name": "Sidebar Temp Graph", "key": "sidebartempgraph"}, {"url": "https://github.com/imrahil/OctoPrint-PrintHistory", "name": "Print History Plugin", "key": "printhistory"}, {"url": "https://github.com/tjjfvi/OctoPrint-BetterHeaterTimeout", "name": "BetterHeaterTimeout", "key": "BetterHeaterTimeout"}, {"url": "https://github.com/ieatacid/OctoPrint-TerminalCommands", "name": "Terminal Commands", "key": "TerminalCommands"}, {"url": "https://github.com/ieatacid/OctoPrint-GcodeEditor", "name": "GcodeEditor", "key": "GcodeEditor"}, {"url": "https://github.com/OctoPrint/OctoPrint-FirmwareUpdater", "name": "Firmware Updater", "key": "firmwareupdater"}, {"url": "https://github.com/jneilliii/OctoPrint-Tasmota", "name": "Tasmota", "key": "tasmota"}, {"url": "https://github.com/ntoff/OctoPrint-Estop", "name": "Emergency Stop Button", "key": "estop"}, {"url": "https://github.com/foosel/OctoPrint-DisplayZ", "name": "DisplayZ", "key": "displayz"}, {"url": "https://github.com/vitormhenrique/OctoPrint-Enclosure", "name": "Enclosure Plugin", "key": "enclosure"}, {"url": "https://github.com/BillyBlaze/OctoPrint-FullScreen", "name": "Fullscreen Plugin", "key": "fullscreen"}, {"url": "https://github.com/OctoPrint/OctoPrint-Yamlpatcher", "name": "Yamlpatcher", "key": "yamlpatcher"}, {"url": "https://github.com/paukstelis/OctoPrint-Cancelobject", "name": "Cancel Objects", "key": "cancelobject"}, {"url": "https://github.com/Salandora/octoprint-customControl", "name": "Custom Control Editor", "key": "customControl"}, {"url": "https://github.com/marian42/octoprint-preheat", "name": "Preheat Button", "key": "preheat"}, {"url": "https://github.com/Salandora/OctoPrint-FileManager", "name": "FileManager", "key": "filemanager"}, {"url": "https://github.com/jneilliii/OctoPrint-DragonOrder", "name": "Dragon Order", "key": "dragon_order"}, {"url": "https://github.com/OctoPrint/OctoPrint-MQTT", "name": "MQTT", "key": "mqtt"}, {"url": "https://github.com/birkbjo/OctoPrint-Themeify", "name": "Themeify", "key": "themeify"}, {"url": "https://github.com/MoonshineSG/OctoPrint-Autoscroll", "name": "Autoscroll", "key": "autoscroll"}, {"url": "https://github.com/pastapojken/OctoPrint-Hardwarepwm", "name": "hardwarePWM", "key": "hardwarepwm"}, {"url": "https://github.com/EricHigdon/OctoPrint-Rgb_status", "name": "RGB Status", "key": "rgb_status"}, {"url": "https://github.com/jneilliii/OctoPrint-Bltouch", "name": "BLTouch Plugin", "key": "BLTouch"}, {"url": "https://github.com/chatrat12/layerdisplay", "name": "LayerDisplay", "key": "layerdisplay"}, {"url": "https://framagit.org/razer/Octoprint_ABL_Expert", "name": "ABL Expert Plugin", "key": "ABL_Expert"}, {"url": "https://github.com/devildant/OctoPrint-ShutdownPrinter", "name": "Shutdown Printer", "key": "shutdownprinter"}, {"url": "https://github.com/benlye/OctoPrint-ActionCommandsPlugin", "name": "Action Commands", "key": "actioncommands"}, {"url": "https://github.com/OctoPrint/OctoPrint-Autoselect", "name": "Autoselect Plugin", "key": "autoselect"}, {"url": "http://blog.mmone.de/2018/02/05/octoprint-plugin-for-klipper/", "name": "OctoKlipper", "key": "klipper"}, {"url": "https://github.com/ntoff/OctoPrint-FanSpeedSlider", "name": "Fan Speed Control", "key": "fanspeedslider"}, {"url": "https://github.com/markwal/OctoPrint-PortLister", "name": "PortLister", "key": "portlister"}, {"url": "https://github.com/jneilliii/OctoPrint-BedLevelVisualizer", "name": "Bed Visualizer", "key": "bedlevelvisualizer"}, {"url": "https://github.com/OctoPrint/OctoPrint-AutomaticShutdown", "name": "Automatic Shutdown", "key": "automaticshutdown"}, {"url": "https://github.com/dattas/OctoPrint-DetailedProgress", "name": "Detailed Progress Plugin", "key": "detailedprogress"}, {"url": "https://github.com/kantlivelong/OctoPrint-GCodeSystemCommands", "name": "GCODE System Commands", "key": "gcodesystemcommands"}, {"url": "https://github.com/jneilliii/OctoPrint-StatefulSidebar", "name": "Stateful Sidebar", "key": "statefulsidebar"}, {"url": "https://github.com/tjjfvi/OctoPrint-SlicerSettingsParser", "name": "SlicerSettingsParser", "key": "SlicerSettingsParser"}, {"url": "https://github.com/jneilliii/OctoPrint-FloatingNavbar", "name": "FloatingNavbar", "key": "floatingnavbar"}, {"url": "https://github.com/imrahil/OctoPrint-NavbarTemp", "name": "Navbar Temperature Plugin", "key": "navbartemp"}, {"url": "https://github.com/OutsourcedGuru/OctoPrint-GitFiles", "name": "GitFiles", "key": "gitfiles"}, {"url": "https://github.com/MoonshineSG/OctoPrint-MultiColors", "name": "Multi Colors", "key": "multi_colors"}, {"url": "https://github.com/bradcfisher/OctoPrint-ExcludeRegionPlugin", "name": "Exclude Region", "key": "excluderegion"}, {"url": "https://github.com/1r0b1n0/OctoPrint-Tempsgraph", "name": "Tempsgraph Plugin", "key": "tempsgraph"}, {"url": "https://github.com/pablogventura/Octoprint-ETA", "name": "Display ETA", "key": "octoprint_eta"}, {"url": "https://github.com/amsbr/OctoPrint-EEprom-Marlin", "name": "EEPROM Marlin Editor Plugin", "key": "eeprom_marlin"}, {"url": "https://github.com/jneilliii/OctoPrint-ActiveFiltersExtended", "name": "Active Filters Extended", "key": "active_filters_extended"}, {"url": "https://github.com/eyal0/OctoPrint-PrintTimeGenius", "name": "PrintTimeGenius Plugin", "key": "PrintTimeGenius"}, {"url": "https://github.com/TheLongRunSmoke/OctoPrint-Filetypes", "name": "Filetypes Plugin", "key": "filetypes"}, {"url": "https://github.com/FormerLurker/Octolapse", "name": "Octolapse", "key": "octolapse"}]